event_name,event_date,event_location,winner,fighter_a_name,fighter_b_name,weightclass,method_of_victory,round_of_victory,time_of_victory,time_format,referee,title_fight,gender,Fighter A Odds,Fighter A Avg Odds,Fighter A Best Odds,Fighter B Odds,Fighter B Avg Odds,Fighter B Best Odds
UFC 303: Pereira vs. Prochazka 2,2024-06-29,"Las Vegas, Nevada, USA",Diego Lopes,Diego Lopes,Dan Ige,Catchweight,Decision - Unanimous,3,5:00,3,,False,men,"[{'Bookmaker': 'DraftKings', 'Odds Price': -135}, {'Bookmaker': 'BetOnline.ag', 'Odds Price': -137}, {'Bookmaker': 'LowVig.ag', 'Odds Price': -137}, {'Bookmaker': 'Bovada', 'Odds Price': -140}, {'Bookmaker': 'FanDuel', 'Odds Price': -142}, {'Bookmaker': 'BetRivers', 'Odds Price': -152}, {'Bookmaker': 'BetMGM', 'Odds Price': -145}, {'Bookmaker': 'Caesars', 'Odds Price': -140}, {'Bookmaker': 'DraftKings', 'Odds Price': -135}, {'Bookmaker': 'BetOnline.ag', 'Odds Price': -137}, {'Bookmaker': 'LowVig.ag', 'Odds Price': -137}, {'Bookmaker': 'Bovada', 'Odds Price': -140}, {'Bookmaker': 'FanDuel', 'Odds Price': -142}, {'Bookmaker': 'BetRivers', 'Odds Price': -152}, {'Bookmaker': 'BetMGM', 'Odds Price': -145}, {'Bookmaker': 'Caesars', 'Odds Price': -140}]",-141.0,"{'Odds': -135, 'Bookmaker': 'DraftKings'}",[],,
UFC Fight Night: Holloway vs. The Korean Zombie,2023-08-26,"Kallang, Singapore",Garrett Armfield,Garrett Armfield,Toshiomi Kazama,Bantamweight,KO/TKO,1,4:16,3,Kevin Sataki,False,men,[],,,[],,
UFC Fight Night: Holloway vs. The Korean Zombie,2023-08-26,"Kallang, Singapore",Michal Oleksiejczuk,Michal Oleksiejczuk,Chidi Njokuani,Middleweight,KO/TKO,1,4:16,3,Thomas Fan,False,men,[],,,[],,
UFC Fight Night: Holloway vs. The Korean Zombie,2023-08-26,"Kallang, Singapore",Song Kenan,Song Kenan,Rolando Bedoya,Welterweight,Decision - Unanimous,3,5:00,3,Marc Goddard,False,men,[],,,[],,
UFC Fight Night: Holloway vs. The Korean Zombie,2023-08-26,"Kallang, Singapore",Billy Ray Goff,Billy Ray Goff,Yusaku Kinoshita,Welterweight,KO/TKO,1,3:49,3,Mark Craig,False,men,[],,,[],,
UFC Fight Night: Holloway vs. The Korean Zombie,2023-08-26,"Kallang, Singapore",JJ Aldrich,JJ Aldrich,Liang Na,Flyweight,KO/TKO,2,4:49,3,Kevin Sataki,False,women,[],,,[],,
UFC Fight Night: Holloway vs. The Korean Zombie,2023-08-26,"Kallang, Singapore",SeungWoo Choi,SeungWoo Choi,Jarno Errens,Featherweight,Decision - Unanimous,3,5:00,3,Thomas Fan,False,men,[],,,[],,
UFC Fight Night: Kattar vs. Chikadze,2022-01-15,"Las Vegas, Nevada, USA",Brian Kelleher,Brian Kelleher,Kevin Croom,Featherweight,Decision - Unanimous,3,5:00,3,Keith Peterson,False,men,[],,,[],,
UFC Fight Night: Lewis vs. Daukaus,2021-12-18,"Las Vegas, Nevada, USA",Justin Tafa,Justin Tafa,Harry Hunsucker,Heavyweight,KO/TKO,1,1:53,3,Herb Dean,False,men,[],,,[],,
UFC 269: Oliveira vs. Poirier,2021-12-11,"Las Vegas, Nevada, USA",Tony Kelley,Tony Kelley,Randy Costa,Bantamweight,KO/TKO,2,4:15,3,Mark Smith,False,men,[],,,[],,
UFC Fight Night: Font vs. Aldo,2021-12-04,"Las Vegas, Nevada, USA",Bryan Barberena,Bryan Barberena,Darian Weeks,Welterweight,Decision - Unanimous,3,5:00,3,Herb Dean,False,men,[],,,[],,
UFC Fight Night: Font vs. Aldo,2021-12-04,"Las Vegas, Nevada, USA",Cheyanne Vlismas,Cheyanne Vlismas,Mallory Martin,Strawweight,Decision - Unanimous,3,5:00,3,Chris Tognoni,False,women,[],,,[],,
UFC Fight Night: Font vs. Aldo,2021-12-04,"Las Vegas, Nevada, USA",William Knight,William Knight,Alonzo Menifield,Light heavyweight,Decision - Unanimous,3,5:00,3,Herb Dean,False,men,[],,,[],,
UFC Fight Night: Vieira vs. Tate,2021-11-20,"Las Vegas, Nevada, USA",Pat Sabatini,Pat Sabatini,Tucker Lutz,Featherweight,Decision - Unanimous,3,5:00,3,Mark Smith,False,men,[],,,[],,
UFC Fight Night: Vieira vs. Tate,2021-11-20,"Las Vegas, Nevada, USA",Rafa Garcia,Rafa Garcia,Natan Levy,Lightweight,Decision - Unanimous,3,5:00,3,Jason Herzog,False,men,[],,,[],,
UFC Fight Night: Vieira vs. Tate,2021-11-20,"Las Vegas, Nevada, USA",Loopy Godinez,Loopy Godinez,Loma Lookboonmee,Strawweight,Decision - Unanimous,3,5:00,3,Herb Dean,False,women,[],,,[],,
UFC Fight Night: Vieira vs. Tate,2021-11-20,"Las Vegas, Nevada, USA",Cody Durden,Cody Durden,Aoriqileng,Flyweight,Decision - Unanimous,3,5:00,3,Jason Herzog,False,men,[],,,[],,
UFC Fight Night: Vieira vs. Tate,2021-11-20,"Las Vegas, Nevada, USA",Shayilan Nuerdanbieke,Shayilan Nuerdanbieke,Sean Soriano,Featherweight,Decision - Unanimous,3,5:00,3,Herb Dean,False,men,[],,,[],,
UFC Fight Night: Vieira vs. Tate,2021-11-20,"Las Vegas, Nevada, USA",Luana Pinheiro,Luana Pinheiro,Sam Hughes,Strawweight,Decision - Unanimous,3,5:00,3,Mark Smith,False,women,[],,,[],,
UFC Fight Night: Holloway vs. Rodriguez,2021-11-13,"Las Vegas, Nevada, USA",Sean Woodson,Sean Woodson,Collin Anglin,Featherweight,KO/TKO,1,4:30,3,Herb Dean,False,men,[],,,[],,
UFC 268: Usman vs. Covington 2,2021-11-06,"New York City, New York, USA",Alex Pereira,Alex Pereira,Andreas Michailidis,Middleweight,KO/TKO,2,0:18,3,Dan Miragliotta,False,men,[],,,[],,
UFC 268: Usman vs. Covington 2,2021-11-06,"New York City, New York, USA",Ian Machado Garry,Ian Machado Garry,Jordan Williams,Welterweight,KO/TKO,1,4:59,3,Mike Beltran,False,men,[],,,[],,
UFC 268: Usman vs. Covington 2,2021-11-06,"New York City, New York, USA",Chris Barnett,Chris Barnett,Gian Villante,Heavyweight,KO/TKO,2,2:23,3,Dan Miragliotta,False,men,[],,,[],,
UFC 268: Usman vs. Covington 2,2021-11-06,"New York City, New York, USA",Melsik Baghdasaryan,Melsik Baghdasaryan,Bruno Souza,Featherweight,Decision - Unanimous,3,5:00,3,Todd Ronald Anderson,False,men,[],,,[],,
UFC 268: Usman vs. Covington 2,2021-11-06,"New York City, New York, USA",Ode Osbourne,Ode Osbourne,CJ Vergara,Flyweight,Decision - Unanimous,3,5:00,3,Mike Beltran,False,men,[],,,[],,
UFC 267: Blachowicz vs. Teixeira,2021-10-30,"Abu Dhabi, Abu Dhabi, United Arab Emirates",Albert Duraev,Albert Duraev,Roman Kopylov,Middleweight,Decision - Unanimous,3,5:00,3,Jason Herzog,False,men,[],,,[],,
UFC 267: Blachowicz vs. Teixeira,2021-10-30,"Abu Dhabi, Abu Dhabi, United Arab Emirates",Elizeu Zaleski dos Santos,Elizeu Zaleski dos Santos,Benoit Saint Denis,Welterweight,Decision - Unanimous,3,5:00,3,Vyacheslav  Kiselev,False,men,[],,,[],,
UFC 267: Blachowicz vs. Teixeira,2021-10-30,"Abu Dhabi, Abu Dhabi, United Arab Emirates",Andre Petroski,Andre Petroski,Hu Yaozong,Middleweight,Submission,3,4:46,3,Jason Herzog,False,men,[],,,[],,
UFC 267: Blachowicz vs. Teixeira,2021-10-30,"Abu Dhabi, Abu Dhabi, United Arab Emirates",Tagir Ulanbekov,Tagir Ulanbekov,Allan Nascimento,Flyweight,Decision - Split,3,5:00,3,Daniel Movahedi,False,men,[],,,[],,
UFC Fight Night: Costa vs. Vettori,2021-10-23,"Las Vegas, Nevada, USA",Gregory Rodrigues,Gregory Rodrigues,JunYong Park,Middleweight,KO/TKO,2,3:13,3,Keith Peterson,False,men,[],,,[],,
UFC Fight Night: Costa vs. Vettori,2021-10-23,"Las Vegas, Nevada, USA",Mason Jones,Mason Jones,David Onama,Lightweight,Decision - Unanimous,3,5:00,3,Jason Herzog,False,men,[],,,[],,
UFC Fight Night: Costa vs. Vettori,2021-10-23,"Las Vegas, Nevada, USA",Tabatha Ricci,Tabatha Ricci,Maria Oliveira,Strawweight,Decision - Unanimous,3,5:00,3,Keith Peterson,False,women,[],,,[],,
UFC Fight Night: Costa vs. Vettori,2021-10-23,"Las Vegas, Nevada, USA",Jeff Molina,Jeff Molina,Daniel Lacerda,Flyweight,KO/TKO,2,0:46,3,Keith Peterson,False,men,[],,,[],,
UFC Fight Night: Costa vs. Vettori,2021-10-23,"Las Vegas, Nevada, USA",Jonathan Martinez,Jonathan Martinez,Zviad Lazishvili,Bantamweight,Decision - Unanimous,3,5:00,3,Chris Tognoni,False,men,[],,,[],,
UFC Fight Night: Ladd vs. Dumont,2021-10-16,"Las Vegas, Nevada, USA",Andrei Arlovski,Andrei Arlovski,Carlos Felipe,Heavyweight,Decision - Unanimous,3,5:00,3,Herb Dean,False,men,"[{'Bookmaker': 'Betfair', 'Odds Price': 100}, {'Bookmaker': 'Betfair', 'Odds Price': -109}, {'Bookmaker': 'MyBookie.ag', 'Odds Price': -115}, {'Bookmaker': 'BetOnline.ag', 'Odds Price': -119}, {'Bookmaker': 'LowVig.ag', 'Odds Price': -118}, {'Bookmaker': 'William Hill (US)', 'Odds Price': -105}, {'Bookmaker': 'SugarHouse', 'Odds Price': -109}, {'Bookmaker': 'TwinSpires', 'Odds Price': -109}, {'Bookmaker': 'DraftKings', 'Odds Price': -115}, {'Bookmaker': 'BetRivers', 'Odds Price': -109}, {'Bookmaker': 'Barstool Sportsbook', 'Odds Price': -109}, {'Bookmaker': 'FanDuel', 'Odds Price': -116}, {'Bookmaker': 'WynnBET', 'Odds Price': -115}, {'Bookmaker': 'FOX Bet', 'Odds Price': -110}, {'Bookmaker': 'Unibet', 'Odds Price': -109}, {'Bookmaker': 'Bovada', 'Odds Price': -110}]",-111.0,"{'Odds': 100, 'Bookmaker': 'Betfair'}",[],,
UFC Fight Night: Ladd vs. Dumont,2021-10-16,"Las Vegas, Nevada, USA",Jim Miller,Jim Miller,Erick Gonzalez,Lightweight,KO/TKO,2,0:14,3,Mark Smith,False,men,[],,,[],,
UFC Fight Night: Ladd vs. Dumont,2021-10-16,"Las Vegas, Nevada, USA",Nate Landwehr,Nate Landwehr,Ludovit Klein,Featherweight,Submission,3,2:22,3,Herb Dean,False,men,[],,,[],,
UFC Fight Night: Ladd vs. Dumont,2021-10-16,"Las Vegas, Nevada, USA",Luana Carolina,Luana Carolina,Loopy Godinez,Flyweight,Decision - Unanimous,3,5:00,3,Chris Tognoni,False,women,[],,,[],,
UFC Fight Night: Ladd vs. Dumont,2021-10-16,"Las Vegas, Nevada, USA",Batgerel Danaa,Batgerel Danaa,Brandon Davis,Bantamweight,KO/TKO,1,2:01,3,Herb Dean,False,men,[],,,[],,
UFC Fight Night: Dern vs. Rodriguez,2021-10-09,"Las Vegas, Nevada, USA",Matheus Nicolau,Matheus Nicolau,Tim Elliott,Flyweight,Decision - Unanimous,3,5:00,3,Jason Herzog,False,men,[],,,[],,
UFC Fight Night: Dern vs. Rodriguez,2021-10-09,"Las Vegas, Nevada, USA",Loopy Godinez,Loopy Godinez,Silvana Gomez Juarez,Strawweight,Submission,1,4:14,3,Herb Dean,False,women,[],,,[],,
UFC Fight Night: Santos vs. Walker,2021-10-02,"Las Vegas, Nevada, USA",Alexander Hernandez,Alexander Hernandez,Mike Breeden,Lightweight,KO/TKO,1,1:20,3,Mark Smith,False,men,[],,,[],,
UFC Fight Night: Santos vs. Walker,2021-10-02,"Las Vegas, Nevada, USA",Douglas Silva de Andrade,Douglas Silva de Andrade,Gaetano Pirrello,Bantamweight,KO/TKO,1,2:04,3,Chris Tognoni,False,men,[],,,[],,
UFC Fight Night: Santos vs. Walker,2021-10-02,"Las Vegas, Nevada, USA",Stephanie Egger,Stephanie Egger,Shanna Young,Bantamweight,KO/TKO,2,2:22,3,Mark Smith,False,women,[],,,[],,
UFC 266: Volkanovski vs. Ortega,2021-09-25,"Las Vegas, Nevada, USA",Nick Maximov,Nick Maximov,Cody Brundage,Middleweight,Decision - Unanimous,3,5:00,3,Chris Tognoni,False,men,[],,,[],,
UFC Fight Night: Smith vs. Spann,2021-09-18,"Las Vegas, Nevada, USA",Rongzhu,Rongzhu,Brandon Jenkins,Lightweight,KO/TKO,3,4:35,3,Chris Tognoni,False,men,[],,,[],,
UFC Fight Night: Smith vs. Spann,2021-09-18,"Las Vegas, Nevada, USA",Montel Jackson,Montel Jackson,JP Buys,Bantamweight,Decision - Unanimous,3,5:00,3,Herb Dean,False,men,[],,,[],,
UFC Fight Night: Brunson vs. Till,2021-09-04,"Las Vegas, Nevada, USA",Paddy Pimblett,Paddy Pimblett,Luigi Vendramini,Lightweight,KO/TKO,1,4:25,3,Mark Smith,False,men,[],,,[],,
UFC Fight Night: Brunson vs. Till,2021-09-04,"Las Vegas, Nevada, USA",Jack Shore,Jack Shore,Liudvik Sholinian,Bantamweight,Decision - Unanimous,3,5:00,3,Chris Tognoni,False,men,[],,,[],,
UFC Fight Night: Barboza vs. Chikadze,2021-08-28,"Las Vegas, Nevada, USA",Bryan Battle,Bryan Battle,Gilbert Urbina,Middleweight,Submission,2,2:15,3,Herb Dean,False,men,[],,,[],,
UFC Fight Night: Barboza vs. Chikadze,2021-08-28,"Las Vegas, Nevada, USA",Ricky Turcios,Ricky Turcios,Brady Hiestand,Bantamweight,Decision - Split,3,5:00,3,Mark Smith,False,men,[],,,[],,
UFC Fight Night: Barboza vs. Chikadze,2021-08-28,"Las Vegas, Nevada, USA",Andre Petroski,Andre Petroski,Micheal Gillmore,Middleweight,KO/TKO,3,3:12,3,Jason Herzog,False,men,[],,,[],,
UFC Fight Night: Barboza vs. Chikadze,2021-08-28,"Las Vegas, Nevada, USA",Pat Sabatini,Pat Sabatini,Jamall Emmers,Featherweight,Submission,1,1:53,3,Mark Smith,False,men,[],,,[],,
UFC Fight Night: Barboza vs. Chikadze,2021-08-28,"Las Vegas, Nevada, USA",Mana Martinez,Mana Martinez,Guido Cannetti,Bantamweight,Decision - Split,3,5:00,3,Chris Tognoni,False,men,[],,,[],,
UFC Fight Night: Cannonier vs. Gastelum,2021-08-21,"Las Vegas, Nevada, USA",Saidyokub Kakhramonov,Saidyokub Kakhramonov,Trevin Jones,Bantamweight,Submission,3,4:39,3,Herb Dean,False,men,[],,,[],,
UFC Fight Night: Cannonier vs. Gastelum,2021-08-21,"Las Vegas, Nevada, USA",Austin Lingo,Austin Lingo,Luis Saldana,Featherweight,Decision - Unanimous,3,5:00,3,Herb Dean,False,men,[],,,[],,
UFC Fight Night: Cannonier vs. Gastelum,2021-08-21,"Las Vegas, Nevada, USA",Josiane Nunes,Josiane Nunes,Bea Malecki,Bantamweight,KO/TKO,1,4:54,3,Keith Peterson,False,women,[],,,[],,
UFC Fight Night: Cannonier vs. Gastelum,2021-08-21,"Las Vegas, Nevada, USA",William Knight,William Knight,Fabio Cherant,Light heavyweight,KO/TKO,1,3:58,3,Chris Tognoni,False,men,[],,,[],,
UFC Fight Night: Cannonier vs. Gastelum,2021-08-21,"Las Vegas, Nevada, USA",Ignacio Bahamondes,Ignacio Bahamondes,Roosevelt Roberts,Lightweight,KO/TKO,3,4:55,3,Mark Smith,False,men,[],,,[],,
UFC 265: Lewis vs. Gane,2021-08-07,"Houston, Texas, USA",Melissa Gatto,Melissa Gatto,Victoria Leonardo,Flyweight,TKO - Doctor's Stoppage,2,5:00,3,Jacob Montalvo,False,women,[],,,[],,
UFC 265: Lewis vs. Gane,2021-08-07,"Houston, Texas, USA",Johnny Munoz,Johnny Munoz,Jamey Simmons,Bantamweight,Submission,2,2:35,3,Jeff Rexroad,False,men,[],,,[],,
UFC Fight Night: Hall vs. Strickland,2021-07-31,"Las Vegas, Nevada, USA",Cheyanne Vlismas,Cheyanne Vlismas,Gloria de Paula,Strawweight,KO/TKO,1,1:00,3,Mark Smith,False,women,[],,,[],,
UFC Fight Night: Hall vs. Strickland,2021-07-31,"Las Vegas, Nevada, USA",Melsik Baghdasaryan,Melsik Baghdasaryan,Collin Anglin,Featherweight,KO/TKO,2,1:50,3,Mark Smith,False,men,[],,,[],,
UFC Fight Night: Hall vs. Strickland,2021-07-31,"Las Vegas, Nevada, USA",Chris Gruetzemacher,Chris Gruetzemacher,Rafa Garcia,Lightweight,Decision - Unanimous,3,5:00,3,Chris Tognoni,False,men,[],,,[],,
UFC Fight Night: Hall vs. Strickland,2021-07-31,"Las Vegas, Nevada, USA",Phil Rowe,Phil Rowe,Orion Cosce,Welterweight,KO/TKO,2,4:21,3,Chris Tognoni,False,men,[],,,[],,
UFC Fight Night: Makhachev vs. Moises,2021-07-17,"Las Vegas, Nevada, USA",Daniel Rodriguez,Daniel Rodriguez,Preston Parsons,Welterweight,KO/TKO,1,3:47,3,Mike Beltran,False,men,[],,,[],,
UFC 264: Poirier vs. McGregor 3,2021-07-10,"Las Vegas, Nevada, USA",Sean O'Malley,Sean O'Malley,Kris Moutinho,Bantamweight,KO/TKO,3,4:33,3,Herb Dean,False,men,[],,,[],,
UFC 264: Poirier vs. McGregor 3,2021-07-10,"Las Vegas, Nevada, USA",Dricus Du Plessis,Dricus Du Plessis,Trevin Giles,Middleweight,KO/TKO,2,1:41,3,Chris Tognoni,False,men,[],,,[],,
UFC Fight Night: Gane vs. Volkov,2021-06-26,"Las Vegas, Nevada, USA",Jeremiah Wells,Jeremiah Wells,Warlley Alves,Welterweight,KO/TKO,2,0:30,3,Chris Tognoni,False,men,[],,,[],,
UFC 263: Adesanya vs. Vettori 2,2021-06-12,"Glendale, Arizona, USA",Terrance McKinney,Terrance McKinney,Matt Frevola,Lightweight,KO/TKO,1,0:07,3,Jason Herzog,False,men,[],,,[],,
UFC 263: Adesanya vs. Vettori 2,2021-06-12,"Glendale, Arizona, USA",Carlos Felipe,Carlos Felipe,Jake Collier,Heavyweight,Decision - Split,3,5:00,3,Al Guinee,False,men,[],,,"[{'Bookmaker': 'Betfair', 'Odds Price': 160}, {'Bookmaker': 'Betfair', 'Odds Price': 150}, {'Bookmaker': 'MyBookie.ag', 'Odds Price': 140}, {'Bookmaker': 'BetOnline.ag', 'Odds Price': 145}, {'Bookmaker': 'Bookmaker', 'Odds Price': 135}, {'Bookmaker': 'LowVig.ag', 'Odds Price': 145}, {'Bookmaker': 'William Hill (US)', 'Odds Price': 150}, {'Bookmaker': 'SugarHouse', 'Odds Price': 135}, {'Bookmaker': 'DraftKings', 'Odds Price': 135}, {'Bookmaker': 'BetRivers', 'Odds Price': 135}, {'Bookmaker': 'Barstool Sportsbook', 'Odds Price': 135}, {'Bookmaker': 'FanDuel', 'Odds Price': 144}, {'Bookmaker': 'Caesars', 'Odds Price': 145}, {'Bookmaker': 'Unibet', 'Odds Price': 135}, {'Bookmaker': 'FOX Bet', 'Odds Price': 150}, {'Bookmaker': 'Bovada', 'Odds Price': 140}]",142.0,"{'Odds': 160, 'Bookmaker': 'Betfair'}"
UFC Fight Night: Rozenstruik vs. Sakai,2021-06-05,"Las Vegas, Nevada, USA",Gregory Rodrigues,Gregory Rodrigues,Dusko Todorovic,Middleweight,Decision - Unanimous,3,5:00,3,Mark Smith,False,men,[],,,[],,
UFC Fight Night: Rozenstruik vs. Sakai,2021-06-05,"Las Vegas, Nevada, USA",Kamuela Kirk,Kamuela Kirk,Makwan Amirkhani,Featherweight,Decision - Unanimous,3,5:00,3,Keith Peterson,False,men,[],,,[],,
UFC Fight Night: Rozenstruik vs. Sakai,2021-06-05,"Las Vegas, Nevada, USA",Manon Fiorot,Manon Fiorot,Tabatha Ricci,Flyweight,KO/TKO,2,3:00,3,Herb Dean,False,women,[],,,[],,
UFC Fight Night: Font vs. Garbrandt,2021-05-22,"Las Vegas, Nevada, USA",Ben Rothwell,Ben Rothwell,Chris Barnett,Heavyweight,Submission,2,2:07,3,Mark Smith,False,men,[],,,[],,
UFC Fight Night: Font vs. Garbrandt,2021-05-22,"Las Vegas, Nevada, USA",Josh Culibao,Josh Culibao,Shayilan Nuerdanbieke,Featherweight,Decision - Unanimous,3,5:00,3,Herb Dean,False,men,[],,,[],,
UFC Fight Night: Font vs. Garbrandt,2021-05-22,"Las Vegas, Nevada, USA",David Dvorak,David Dvorak,Juancamilo Ronderos,Flyweight,Submission,1,2:18,3,Keith Peterson,False,men,[],,,[],,
UFC 262: Oliveira vs. Chandler,2021-05-15,"Houston, Texas, USA",Tucker Lutz,Tucker Lutz,Kevin Aguilar,Featherweight,Decision - Unanimous,3,5:00,3,Jacob Montalvo,False,men,[],,,[],,
UFC 262: Oliveira vs. Chandler,2021-05-15,"Houston, Texas, USA",Christos Giagos,Christos Giagos,Sean Soriano,Lightweight,Submission,2,0:59,3,Jeff Rexroad,False,men,[],,,[],,
UFC Fight Night: Rodriguez vs. Waterson,2021-05-08,"Las Vegas, Nevada, USA",Michael Trizano,Michael Trizano,Ludovit Klein,Featherweight,Decision - Unanimous,3,5:00,3,Herb Dean,False,men,[],,,[],,
UFC Fight Night: Rodriguez vs. Waterson,2021-05-08,"Las Vegas, Nevada, USA",Carlston Harris,Carlston Harris,Christian Aguilera,Welterweight,Submission,1,2:52,3,Marc Goddard,False,men,[],,,[],,
UFC Fight Night: Reyes vs. Prochazka,2021-05-01,"Las Vegas, Nevada, USA",Luana Pinheiro,Luana Pinheiro,Randa Markos,Strawweight,DQ,1,4:16,3,Mark Smith,False,women,[],,,[],,
UFC Fight Night: Reyes vs. Prochazka,2021-05-01,"Las Vegas, Nevada, USA",Loma Lookboonmee,Loma Lookboonmee,Sam Hughes,Strawweight,Decision - Unanimous,3,5:00,3,Jason Herzog,False,women,[],,,[],,
UFC 261: Usman vs. Masvidal 2,2021-04-24,"Jacksonville, Florida, USA",Pat Sabatini,Pat Sabatini,Tristan Connelly,Featherweight,Decision - Unanimous,3,5:00,3,Josh Rutgers,False,men,[],,,[],,
UFC 261: Usman vs. Masvidal 2,2021-04-24,"Jacksonville, Florida, USA",Batgerel Danaa,Batgerel Danaa,Kevin Natividad,Bantamweight,KO/TKO,1,0:50,3,Herb Dean,False,men,[],,,[],,
UFC 261: Usman vs. Masvidal 2,2021-04-24,"Jacksonville, Florida, USA",Kazula Vargas,Kazula Vargas,Rongzhu,Lightweight,Decision - Unanimous,3,5:00,3,Keith Peterson,False,men,[],,,[],,
UFC 261: Usman vs. Masvidal 2,2021-04-24,"Jacksonville, Florida, USA",Jeff Molina,Jeff Molina,Aoriqileng,Flyweight,Decision - Unanimous,3,5:00,3,Josh Rutgers,False,men,[],,,[],,
UFC 261: Usman vs. Masvidal 2,2021-04-24,"Jacksonville, Florida, USA",Ariane Carnelossi,Ariane Carnelossi,Liang Na,Strawweight,KO/TKO,2,1:28,3,James Folsom,False,women,[],,,[],,
UFC Fight Night: Whittaker vs. Gastelum,2021-04-17,"Las Vegas, Nevada, USA",Jessica Penne,Jessica Penne,Loopy Godinez,Strawweight,Decision - Split,3,5:00,3,Chris Tognoni,False,women,[],,,[],,
UFC Fight Night: Whittaker vs. Gastelum,2021-04-17,"Las Vegas, Nevada, USA",Austin Hubbard,Austin Hubbard,Dakota Bush,Lightweight,Decision - Unanimous,3,5:00,3,Keith Peterson,False,men,[],,,[],,
UFC Fight Night: Whittaker vs. Gastelum,2021-04-17,"Las Vegas, Nevada, USA",Tony Gravely,Tony Gravely,Anthony Birchak,Bantamweight,KO/TKO,2,1:31,3,Mark Smith,False,men,[],,,[],,
UFC Fight Night: Vettori vs. Holland,2021-04-10,"Las Vegas, Nevada, USA",Mateusz Gamrot,Mateusz Gamrot,Scott Holtzman,Lightweight,KO/TKO,2,1:22,3,Jason Herzog,False,men,[],,,[],,
UFC Fight Night: Vettori vs. Holland,2021-04-10,"Las Vegas, Nevada, USA",John Makdessi,John Makdessi,Ignacio Bahamondes,Lightweight,Decision - Split,3,5:00,3,Chris Tognoni,False,men,[],,,[],,
UFC Fight Night: Vettori vs. Holland,2021-04-10,"Las Vegas, Nevada, USA",Luis Saldana,Luis Saldana,Jordan Griffin,Featherweight,Decision - Unanimous,3,5:00,3,Jason Herzog,False,men,[],,,[],,
UFC Fight Night: Vettori vs. Holland,2021-04-10,"Las Vegas, Nevada, USA",Da Woon Jung,Da Woon Jung,William Knight,Light heavyweight,Decision - Unanimous,3,5:00,3,Mark Smith,False,men,[],,,[],,
UFC Fight Night: Vettori vs. Holland,2021-04-10,"Las Vegas, Nevada, USA",Impa Kasanganay,Impa Kasanganay,Sasha Palatnikov,Welterweight,Submission,2,0:26,3,Chris Tognoni,False,men,[],,,[],,
UFC 260: Miocic vs. Ngannou,2021-03-27,"Las Vegas, Nevada, USA",Alonzo Menifield,Alonzo Menifield,Fabio Cherant,Light heavyweight,Submission,1,1:11,3,Herb Dean,False,men,[],,,[],,
UFC Fight Night: Brunson vs. Holland,2021-03-20,"Las Vegas, Nevada, USA",Montserrat Conejo Ruiz,Montserrat Conejo Ruiz,Cheyanne Vlismas,Strawweight,Decision - Unanimous,3,5:00,3,Mark Smith,False,women,[],,,[],,
UFC Fight Night: Brunson vs. Holland,2021-03-20,"Las Vegas, Nevada, USA",Adrian Yanez,Adrian Yanez,Gustavo Lopez,Bantamweight,KO/TKO,3,0:27,3,Chris Tognoni,False,men,[],,,[],,
UFC Fight Night: Brunson vs. Holland,2021-03-20,"Las Vegas, Nevada, USA",Tai Tuivasa,Tai Tuivasa,Harry Hunsucker,Heavyweight,KO/TKO,1,0:49,3,Herb Dean,False,men,[],,,[],,
UFC Fight Night: Brunson vs. Holland,2021-03-20,"Las Vegas, Nevada, USA",Montel Jackson,Montel Jackson,Jesse Strader,Bantamweight,KO/TKO,1,1:58,3,Keith Peterson,False,men,[],,,[],,
UFC Fight Night: Brunson vs. Holland,2021-03-20,"Las Vegas, Nevada, USA",Bruno Silva,Bruno Silva,JP Buys,Flyweight,KO/TKO,2,2:56,3,Mark Smith,False,men,[],,,[],,
UFC Fight Night: Edwards vs. Muhammad,2021-03-13,"Las Vegas, Nevada, USA",Matheus Nicolau,Matheus Nicolau,Manel Kape,Flyweight,Decision - Split,3,5:00,3,Mark Smith,False,men,[],,,[],,
UFC Fight Night: Edwards vs. Muhammad,2021-03-13,"Las Vegas, Nevada, USA",Charles Jourdain,Charles Jourdain,Marcelo Rojo,Featherweight,KO/TKO,3,4:31,3,Mark Smith,False,men,[],,,[],,
UFC Fight Night: Edwards vs. Muhammad,2021-03-13,"Las Vegas, Nevada, USA",Rani Yahya,Rani Yahya,Ray Rodriguez,Bantamweight,Submission,2,3:09,3,Herb Dean,False,men,[],,,[],,
UFC Fight Night: Edwards vs. Muhammad,2021-03-13,"Las Vegas, Nevada, USA",Nasrat Haqparast,Nasrat Haqparast,Rafa Garcia,Lightweight,Decision - Unanimous,3,5:00,3,Chris Tognoni,False,men,[],,,[],,
UFC Fight Night: Edwards vs. Muhammad,2021-03-13,"Las Vegas, Nevada, USA",Jinh Yu Frey,Jinh Yu Frey,Gloria de Paula,Strawweight,Decision - Unanimous,3,5:00,3,Mike Beltran,False,women,"[{'Bookmaker': 'Betfair', 'Odds Price': 186}, {'Bookmaker': 'Betfair', 'Odds Price': 180}, {'Bookmaker': 'MyBookie.ag', 'Odds Price': 155}, {'Bookmaker': 'BetOnline.ag', 'Odds Price': 170}, {'Bookmaker': 'Bookmaker', 'Odds Price': 156}, {'Bookmaker': 'LowVig.ag', 'Odds Price': 170}, {'Bookmaker': 'William Hill (US)', 'Odds Price': 160}, {'Bookmaker': 'DraftKings', 'Odds Price': 155}, {'Bookmaker': 'FanDuel', 'Odds Price': 154}, {'Bookmaker': 'Caesars', 'Odds Price': 165}, {'Bookmaker': 'FOX Bet', 'Odds Price': 163}, {'Bookmaker': 'Bovada', 'Odds Price': 160}]",164.0,"{'Odds': 186, 'Bookmaker': 'Betfair'}",[],,
UFC 259: Blachowicz vs. Adesanya,2021-03-06,"Las Vegas, Nevada, USA",Kennedy Nzechukwu,Kennedy Nzechukwu,Carlos Ulberg,Light heavyweight,KO/TKO,2,3:19,3,Herb Dean,False,men,"[{'Bookmaker': 'Betfair', 'Odds Price': 240}, {'Bookmaker': 'Betfair', 'Odds Price': 230}, {'Bookmaker': 'MyBookie.ag', 'Odds Price': 200}, {'Bookmaker': 'BetOnline.ag', 'Odds Price': 211}, {'Bookmaker': 'Bookmaker', 'Odds Price': 207}, {'Bookmaker': 'LowVig.ag', 'Odds Price': 211}, {'Bookmaker': 'DraftKings', 'Odds Price': 200}, {'Bookmaker': 'FanDuel', 'Odds Price': 205}, {'Bookmaker': 'Caesars', 'Odds Price': 200}, {'Bookmaker': 'Bovada', 'Odds Price': 200}, {'Bookmaker': 'FOX Bet', 'Odds Price': 210}]",210.0,"{'Odds': 240, 'Bookmaker': 'Betfair'}",[],,
UFC 259: Blachowicz vs. Adesanya,2021-03-06,"Las Vegas, Nevada, USA",Trevin Jones,Trevin Jones,Mario Bautista,Bantamweight,KO/TKO,2,0:47,3,Chris Tognoni,False,men,[],,,[],,
UFC Fight Night: Rozenstruik vs. Gane,2021-02-27,"Las Vegas, Nevada, USA",Alex Caceres,Alex Caceres,Kevin Croom,Featherweight,Decision - Unanimous,3,5:00,3,Chris Tognoni,False,men,[],,,[],,
UFC Fight Night: Rozenstruik vs. Gane,2021-02-27,"Las Vegas, Nevada, USA",Ronnie Lawrence,Ronnie Lawrence,Vince Cachero,Bantamweight,KO/TKO,3,2:38,3,Jerin Valel,False,men,[],,,[],,
UFC Fight Night: Chiesa vs. Magny,2021-01-20,"Abu Dhabi, Abu Dhabi, United Arab Emirates",Ricky Simon,Ricky Simon,Gaetano Pirrello,Bantamweight,Submission,2,4:00,3,Keith Peterson,False,men,[],,,[],,
UFC Fight Night: Chiesa vs. Magny,2021-01-20,"Abu Dhabi, Abu Dhabi, United Arab Emirates",Francisco Figueiredo,Francisco Figueiredo,Jerome Rivera,Flyweight,Decision - Unanimous,3,5:00,3,Marc Goddard,False,men,[],,,[],,
UFC Fight Night: Chiesa vs. Magny,2021-01-20,"Abu Dhabi, Abu Dhabi, United Arab Emirates",Umar Nurmagomedov,Umar Nurmagomedov,Sergey Morozov,Bantamweight,Submission,2,3:39,3,Jason Herzog,False,men,[],,,[],,
UFC Fight Night: Chiesa vs. Magny,2021-01-20,"Abu Dhabi, Abu Dhabi, United Arab Emirates",Manon Fiorot,Manon Fiorot,Victoria Leonardo,Flyweight,KO/TKO,2,4:08,3,Lukasz Bosacki,False,women,[],,,[],,
UFC Fight Night: Holloway vs. Kattar,2021-01-16,"Abu Dhabi, Abu Dhabi, United Arab Emirates",Joselyne Edwards,Joselyne Edwards,Wu Yanan,Bantamweight,Decision - Unanimous,3,5:00,3,Jason Herzog,False,women,[],,,[],,
UFC Fight Night: Thompson vs. Neal,2020-12-19,"Las Vegas, Nevada, USA",Christos Giagos,Christos Giagos,Carlton Minus,Catchweight,Decision - Unanimous,3,5:00,3,Chris Tognoni,False,men,[],,,[],,
UFC 256: Figueiredo vs. Moreno,2020-12-12,"Las Vegas, Nevada, USA",Tecia Pennington,Tecia Pennington,Sam Hughes,Strawweight,TKO - Doctor's Stoppage,1,5:00,3,Jason Herzog,False,women,[],,,[],,
UFC Fight Night: Felder vs. Dos Anjos,2020-11-14,"Las Vegas, Nevada, USA",Cory McKenna,Cory McKenna,Kay Hansen,Strawweight,Decision - Unanimous,3,5:00,3,Jason Herzog,False,women,[],,,[],,
UFC Fight Night: Felder vs. Dos Anjos,2020-11-14,"Las Vegas, Nevada, USA",Kanako Murata,Kanako Murata,Randa Markos,Strawweight,Decision - Unanimous,3,5:00,3,Mark Smith,False,women,[],,,[],,
UFC Fight Night: Felder vs. Dos Anjos,2020-11-14,"Las Vegas, Nevada, USA",Don'Tale Mayes,Don'Tale Mayes,Roque Martinez,Heavyweight,Decision - Unanimous,3,5:00,3,Chris Tognoni,False,men,[],,,[],,
UFC Fight Night: Santos vs. Teixeira,2020-11-07,"Las Vegas, Nevada, USA",Giga Chikadze,Giga Chikadze,Jamey Simmons,Featherweight,KO/TKO,1,3:51,3,Herb Dean,False,men,[],,,[],,
UFC Fight Night: Santos vs. Teixeira,2020-11-07,"Las Vegas, Nevada, USA",Gustavo Lopez,Gustavo Lopez,Anthony Birchak,Bantamweight,Submission,1,2:43,3,Chris Tognoni,False,men,[],,,[],,
UFC Fight Night: Hall vs. Silva,2020-10-31,"Las Vegas, Nevada, USA",Adrian Yanez,Adrian Yanez,Victor Rodriguez,Bantamweight,KO/TKO,1,2:46,3,Herb Dean,False,men,[],,,[],,
UFC 254: Khabib vs. Gaethje,2020-10-24,"Abu Dhabi, Abu Dhabi, United Arab Emirates",Phil Hawes,Phil Hawes,Jacob Malkoun,Middleweight,KO/TKO,1,0:18,3,Jason Herzog,False,men,[],,,[],,
UFC 254: Khabib vs. Gaethje,2020-10-24,"Abu Dhabi, Abu Dhabi, United Arab Emirates",Lauren Murphy,Lauren Murphy,Liliya Shakirova,Flyweight,Submission,2,3:31,3,Lukasz Bosacki,False,women,[],,,[],,
UFC 254: Khabib vs. Gaethje,2020-10-24,"Abu Dhabi, Abu Dhabi, United Arab Emirates",Draw,Da Woon Jung,Sam Alvey,Light heavyweight,Decision - Split,3,5:00,3,Anders Ohlsson,False,men,[],,,"[{'Bookmaker': 'FanDuel', 'Odds Price': 280}, {'Bookmaker': 'LowVig.ag', 'Odds Price': 265}, {'Bookmaker': 'BetOnline.ag', 'Odds Price': 265}, {'Bookmaker': 'MyBookie.ag', 'Odds Price': 270}, {'Bookmaker': 'DraftKings', 'Odds Price': 260}, {'Bookmaker': 'Unibet', 'Odds Price': 260}, {'Bookmaker': 'Bookmaker', 'Odds Price': 261}, {'Bookmaker': 'Betfair', 'Odds Price': 290}, {'Bookmaker': 'Betfair', 'Odds Price': 300}]",272.0,"{'Odds': 300, 'Bookmaker': 'Betfair'}"
UFC Fight Night: Ortega vs. The Korean Zombie,2020-10-17,"Abu Dhabi, Abu Dhabi, United Arab Emirates",Guram Kutateladze,Guram Kutateladze,Mateusz Gamrot,Lightweight,Decision - Split,3,5:00,3,Lukasz Bosacki,False,men,[],,,[],,
UFC Fight Night: Ortega vs. The Korean Zombie,2020-10-17,"Abu Dhabi, Abu Dhabi, United Arab Emirates",Said Nurmagomedov,Said Nurmagomedov,Mark Striegl,Bantamweight,KO/TKO,1,0:51,3,Lukasz Bosacki,False,men,"[{'Bookmaker': 'Unibet', 'Odds Price': -345}, {'Bookmaker': 'PointsBet (US)', 'Odds Price': -303}, {'Bookmaker': 'Bookmaker', 'Odds Price': -303}, {'Bookmaker': 'FanDuel', 'Odds Price': -303}, {'Bookmaker': 'BetMGM', 'Odds Price': -303}, {'Bookmaker': 'MyBookie.ag', 'Odds Price': -303}, {'Bookmaker': 'Betfair', 'Odds Price': -294}, {'Bookmaker': 'Betfair', 'Odds Price': -286}, {'Bookmaker': 'DraftKings', 'Odds Price': -286}, {'Bookmaker': 'Unibet', 'Odds Price': -286}]",-301.0,"{'Odds': -286, 'Bookmaker': 'Betfair'}",[],,
UFC Fight Night: Moraes vs. Sandhagen,2020-10-10,"Abu Dhabi, Abu Dhabi, United Arab Emirates",Dricus Du Plessis,Dricus Du Plessis,Markus Perez,Middleweight,KO/TKO,1,3:22,3,Kevin Sataki,False,men,[],,,[],,
UFC Fight Night: Moraes vs. Sandhagen,2020-10-10,"Abu Dhabi, Abu Dhabi, United Arab Emirates",Tom Aspinall,Tom Aspinall,Alan Baudot,Heavyweight,KO/TKO,1,1:35,3,Lukasz Bosacki,False,men,[],,,[],,
UFC Fight Night: Moraes vs. Sandhagen,2020-10-10,"Abu Dhabi, Abu Dhabi, United Arab Emirates",Tom Breese,Tom Breese,KB Bhullar,Middleweight,KO/TKO,1,1:42,3,Lukasz Bosacki,False,men,[],,,[],,
UFC Fight Night: Moraes vs. Sandhagen,2020-10-10,"Abu Dhabi, Abu Dhabi, United Arab Emirates",Joaquin Buckley,Joaquin Buckley,Impa Kasanganay,Middleweight,KO/TKO,2,2:03,3,Kevin Sataki,False,men,[],,,[],,
UFC Fight Night: Moraes vs. Sandhagen,2020-10-10,"Abu Dhabi, Abu Dhabi, United Arab Emirates",Tony Kelley,Tony Kelley,Ali AlQaisi,Bantamweight,Decision - Unanimous,3,5:00,3,Lukasz Bosacki,False,men,[],,,[],,
UFC Fight Night: Moraes vs. Sandhagen,2020-10-10,"Abu Dhabi, Abu Dhabi, United Arab Emirates",Tracy Cortez,Tracy Cortez,Stephanie Egger,Bantamweight,Decision - Unanimous,3,5:00,3,Kevin Sataki,False,women,[],,,[],,
UFC Fight Night: Holm vs. Aldana,2020-10-03,"Abu Dhabi, Abu Dhabi, United Arab Emirates",Kyler Phillips,Kyler Phillips,Cameron Else,Bantamweight,KO/TKO,2,0:44,3,Marc Goddard,False,men,[],,,[],,
UFC Fight Night: Holm vs. Aldana,2020-10-03,"Abu Dhabi, Abu Dhabi, United Arab Emirates",Nassourdine Imavov,Nassourdine Imavov,Jordan Williams,Middleweight,Decision - Unanimous,3,5:00,3,Kevin Sataki,False,men,[],,,[],,
UFC 253: Adesanya vs. Costa,2020-09-26,"Abu Dhabi, Abu Dhabi, United Arab Emirates",Ludovit Klein,Ludovit Klein,Shane Young,Featherweight,KO/TKO,1,1:16,3,Kevin Sataki,False,men,[],,,[],,
UFC 253: Adesanya vs. Costa,2020-09-26,"Abu Dhabi, Abu Dhabi, United Arab Emirates",William Knight,William Knight,Aleksa Camur,Light heavyweight,Decision - Unanimous,3,5:00,3,Lukasz Bosacki,False,men,[],,,[],,
UFC 253: Adesanya vs. Costa,2020-09-26,"Abu Dhabi, Abu Dhabi, United Arab Emirates",Danilo Marques,Danilo Marques,Khadis Ibragimov,Light heavyweight,Decision - Unanimous,3,5:00,3,Jason Herzog,False,men,[],,,[],,
UFC Fight Night: Covington vs. Woodley,2020-09-19,"Las Vegas, Nevada, USA",Darrick Minner,Darrick Minner,TJ Laramie,Featherweight,Submission,1,0:52,3,Dan Miragliotta,False,men,[],,,[],,
UFC Fight Night: Covington vs. Woodley,2020-09-19,"Las Vegas, Nevada, USA",Tyson Nam,Tyson Nam,Jerome Rivera,Bantamweight,KO/TKO,2,0:34,3,Chris Tognoni,False,men,[],,,[],,
UFC Fight Night: Waterson vs. Hill,2020-09-12,"Las Vegas, Nevada, USA",King Green,King Green,Alan Patrick,Lightweight,Decision - Unanimous,3,5:00,3,Herb Dean,False,men,[],,,"[{'Bookmaker': 'Unibet', 'Odds Price': 205}, {'Bookmaker': 'FanDuel', 'Odds Price': 220}, {'Bookmaker': 'BetOnline.ag', 'Odds Price': 215}, {'Bookmaker': 'DraftKings', 'Odds Price': 205}, {'Bookmaker': 'LowVig.ag', 'Odds Price': 215}, {'Bookmaker': 'Bookmaker', 'Odds Price': 204}, {'Bookmaker': 'MyBookie.ag', 'Odds Price': 210}, {'Bookmaker': 'Betfair', 'Odds Price': 260}, {'Bookmaker': 'Betfair', 'Odds Price': 290}]",223.0,"{'Odds': 290, 'Bookmaker': 'Betfair'}"
UFC Fight Night: Waterson vs. Hill,2020-09-12,"Las Vegas, Nevada, USA",NC,Roosevelt Roberts,Kevin Croom,Lightweight,Overturned,1,0:31,3,Chris Tognoni,False,men,[],,,[],,
UFC Fight Night: Waterson vs. Hill,2020-09-12,"Las Vegas, Nevada, USA",Alexandr Romanov,Alexandr Romanov,Roque Martinez,Heavyweight,Submission,2,4:22,3,Mark Smith,False,men,[],,,[],,
UFC Fight Night: Smith vs. Rakic,2020-08-29,"Las Vegas, Nevada, USA",Ricardo Lamas,Ricardo Lamas,Bill Algeo,Featherweight,Decision - Unanimous,3,5:00,3,Mark Smith,False,men,[],,,[],,
UFC Fight Night: Smith vs. Rakic,2020-08-29,"Las Vegas, Nevada, USA",Impa Kasanganay,Impa Kasanganay,Maki Pitolo,Middleweight,Decision - Unanimous,3,5:00,3,Jason Herzog,False,men,[],,,[],,
UFC Fight Night: Smith vs. Rakic,2020-08-29,"Las Vegas, Nevada, USA",Alex Caceres,Alex Caceres,Austin Springer,Featherweight,Submission,1,3:38,3,Chris Tognoni,False,men,[],,,[],,
UFC Fight Night: Munhoz vs. Edgar,2020-08-22,"Las Vegas, Nevada, USA",Jordan Wright,Jordan Wright,Ike Villanueva,Light heavyweight,TKO - Doctor's Stoppage,1,1:31,3,Jason Herzog,False,men,[],,,[],,
UFC Fight Night: Munhoz vs. Edgar,2020-08-22,"Las Vegas, Nevada, USA",Matthew Semelsberger,Matthew Semelsberger,Carlton Minus,Welterweight,Decision - Unanimous,3,5:00,3,Mark Smith,False,men,[],,,[],,
UFC Fight Night: Munhoz vs. Edgar,2020-08-22,"Las Vegas, Nevada, USA",NC,Timur Valiev,Trevin Jones,Catchweight,Overturned,2,1:59,3,Chris Tognoni,False,men,[],,,[],,
UFC 252: Miocic vs. Cormier 3,2020-08-15,"Las Vegas, Nevada, USA",Kai Kamaka,Kai Kamaka,Tony Kelley,Featherweight,Decision - Unanimous,3,5:00,3,Chris Tognoni,False,men,[],,,[],,
UFC Fight Night: Lewis vs. Oleinik,2020-08-08,"Las Vegas, Nevada, USA",Derrick Lewis,Derrick Lewis,Aleksei Oleinik,Heavyweight,KO/TKO,2,0:21,5,Herb Dean,False,men,[],,,[],,
UFC Fight Night: Lewis vs. Oleinik,2020-08-08,"Las Vegas, Nevada, USA",Darren Stewart,Darren Stewart,Maki Pitolo,Middleweight,Submission,1,3:41,3,Chris Tognoni,False,men,[],,,[],,
UFC Fight Night: Lewis vs. Oleinik,2020-08-08,"Las Vegas, Nevada, USA",Yana Santos,Yana Santos,Julija Stoliarenko,Bantamweight,Decision - Unanimous,3,5:00,3,Mark Smith,False,women,[],,,[],,
UFC Fight Night: Lewis vs. Oleinik,2020-08-08,"Las Vegas, Nevada, USA",Kevin Holland,Kevin Holland,Joaquin Buckley,Middleweight,KO/TKO,3,0:32,3,Mark Smith,False,men,[],,,[],,
UFC Fight Night: Lewis vs. Oleinik,2020-08-08,"Las Vegas, Nevada, USA",Gavin Tucker,Gavin Tucker,Justin Jaynes,Featherweight,Submission,3,1:43,3,Jason Herzog,False,men,[],,,[],,
UFC Fight Night: Lewis vs. Oleinik,2020-08-08,"Las Vegas, Nevada, USA",Youssef Zalal,Youssef Zalal,Peter Barrett,Featherweight,Decision - Unanimous,3,5:00,3,Mark Smith,False,men,[],,,[],,
UFC Fight Night: Lewis vs. Oleinik,2020-08-08,"Las Vegas, Nevada, USA",Irwin Rivera,Irwin Rivera,Ali AlQaisi,Bantamweight,Decision - Split,3,5:00,3,Chris Tognoni,False,men,[],,,[],,
UFC Fight Night: Brunson vs. Shahbazyan,2020-08-01,"Las Vegas, Nevada, USA",King Green,King Green,Lando Vannata,Lightweight,Decision - Unanimous,3,5:00,3,Herb Dean,False,men,[],,,"[{'Bookmaker': 'LowVig.ag', 'Odds Price': -159}, {'Bookmaker': 'BetOnline.ag', 'Odds Price': -159}, {'Bookmaker': 'FanDuel', 'Odds Price': -154}, {'Bookmaker': 'Betfair', 'Odds Price': -145}, {'Bookmaker': 'Betfair', 'Odds Price': -143}, {'Bookmaker': 'Unibet', 'Odds Price': -147}, {'Bookmaker': 'DraftKings', 'Odds Price': -147}, {'Bookmaker': 'Bookmaker', 'Odds Price': -161}]",-152.0,"{'Odds': -143, 'Bookmaker': 'Betfair'}"
UFC Fight Night: Brunson vs. Shahbazyan,2020-08-01,"Las Vegas, Nevada, USA",Nate Maness,Nate Maness,Johnny Munoz,Featherweight,Decision - Unanimous,3,5:00,3,Mark Smith,False,men,[],,,[],,
UFC Fight Night: Brunson vs. Shahbazyan,2020-08-01,"Las Vegas, Nevada, USA",Jamall Emmers,Jamall Emmers,Vince Cachero,Featherweight,Decision - Unanimous,3,5:00,3,Jason Herzog,False,men,[],,,[],,
UFC Fight Night: Brunson vs. Shahbazyan,2020-08-01,"Las Vegas, Nevada, USA",Draw,Chris Gutierrez,Cody Durden,Bantamweight,Decision - Unanimous,3,5:00,3,Chris Tognoni,False,men,[],,,[],,
UFC Fight Night: Whittaker vs. Till,2020-07-25,"Abu Dhabi, Abu Dhabi, United Arab Emirates",Khamzat Chimaev,Khamzat Chimaev,Rhys McKee,Welterweight,KO/TKO,1,3:09,3,Rich Mitchell,False,men,[],,,[],,
UFC Fight Night: Whittaker vs. Till,2020-07-25,"Abu Dhabi, Abu Dhabi, United Arab Emirates",Francisco Trinaldo,Francisco Trinaldo,Jai Herbert,Lightweight,KO/TKO,3,1:30,3,Herb Dean,False,men,[],,,[],,
UFC Fight Night: Whittaker vs. Till,2020-07-25,"Abu Dhabi, Abu Dhabi, United Arab Emirates",NC,Nicolas Dalby,Jesse Ronson,Welterweight,Overturned,1,2:48,3,Marc Goddard,False,men,[],,,[],,
UFC Fight Night: Whittaker vs. Till,2020-07-25,"Abu Dhabi, Abu Dhabi, United Arab Emirates",Tom Aspinall,Tom Aspinall,Jake Collier,Heavyweight,KO/TKO,1,0:45,3,Daniel Movahedi,False,men,[],,,[],,
UFC Fight Night: Whittaker vs. Till,2020-07-25,"Abu Dhabi, Abu Dhabi, United Arab Emirates",Tanner Boser,Tanner Boser,Raphael Pessoa,Heavyweight,KO/TKO,2,2:36,3,Herb Dean,False,men,[],,,[],,
UFC Fight Night: Whittaker vs. Till,2020-07-25,"Abu Dhabi, Abu Dhabi, United Arab Emirates",Pannie Kianzad,Pannie Kianzad,Bethe Correia,Bantamweight,Decision - Unanimous,3,5:00,3,Rich Mitchell,False,women,[],,,[],,
UFC Fight Night: Whittaker vs. Till,2020-07-25,"Abu Dhabi, Abu Dhabi, United Arab Emirates",Ramazan Emeev,Ramazan Emeev,Niklas Stolze,Welterweight,Decision - Unanimous,3,5:00,3,Daniel Movahedi,False,men,[],,,[],,
UFC Fight Night: Whittaker vs. Till,2020-07-25,"Abu Dhabi, Abu Dhabi, United Arab Emirates",Nathaniel Wood,Nathaniel Wood,John Castaneda,Bantamweight,Decision - Unanimous,3,5:00,3,Marc Goddard,False,men,[],,,[],,
UFC Fight Night: Figueiredo vs. Benavidez 2,2020-07-18,"Abu Dhabi, Abu Dhabi, United Arab Emirates",Askar Askarov,Askar Askarov,Alexandre Pantoja,Flyweight,Decision - Unanimous,3,5:00,3,Marc Goddard,False,men,[],,,[],,
UFC Fight Night: Figueiredo vs. Benavidez 2,2020-07-18,"Abu Dhabi, Abu Dhabi, United Arab Emirates",Roman Dolidze,Roman Dolidze,Khadis Ibragimov,Light heavyweight,KO/TKO,1,4:15,3,Herb Dean,False,men,[],,,[],,
UFC Fight Night: Figueiredo vs. Benavidez 2,2020-07-18,"Abu Dhabi, Abu Dhabi, United Arab Emirates",Amir Albazi,Amir Albazi,Malcolm Gordon,Bantamweight,Submission,1,4:42,3,Herb Dean,False,men,[],,,[],,
UFC Fight Night: Figueiredo vs. Benavidez 2,2020-07-18,"Abu Dhabi, Abu Dhabi, United Arab Emirates",Serghei Spivac,Serghei Spivac,Carlos Felipe,Heavyweight,Decision - Majority,3,5:00,3,Rich Mitchell,False,men,"[{'Bookmaker': 'MyBookie.ag', 'Odds Price': -185}, {'Bookmaker': 'FanDuel', 'Odds Price': -179}, {'Bookmaker': 'LowVig.ag', 'Odds Price': -179}, {'Bookmaker': 'Bookmaker', 'Odds Price': -175}, {'Bookmaker': 'Betfair', 'Odds Price': -169}, {'Bookmaker': 'Betfair', 'Odds Price': -159}, {'Bookmaker': 'DraftKings', 'Odds Price': -175}, {'Bookmaker': 'Unibet', 'Odds Price': -175}, {'Bookmaker': 'BetOnline.ag', 'Odds Price': -182}]",-175.0,"{'Odds': -159, 'Bookmaker': 'Betfair'}",[],,
UFC Fight Night: Kattar vs. Ige,2020-07-15,"Abu Dhabi, Abu Dhabi, United Arab Emirates",Mounir Lazzez,Mounir Lazzez,Abdul Razak Alhassan,Welterweight,Decision - Unanimous,3,5:00,3,Daniel Movahedi,False,men,[],,,[],,
UFC Fight Night: Kattar vs. Ige,2020-07-15,"Abu Dhabi, Abu Dhabi, United Arab Emirates",Khamzat Chimaev,Khamzat Chimaev,John Phillips,Middleweight,Submission,2,1:12,3,Herb Dean,False,men,[],,,"[{'Bookmaker': 'Betfair', 'Odds Price': 680}, {'Bookmaker': 'Betfair', 'Odds Price': 780}, {'Bookmaker': 'BetOnline.ag', 'Odds Price': 550}, {'Bookmaker': 'FanDuel', 'Odds Price': 570}, {'Bookmaker': 'LowVig.ag', 'Odds Price': 550}, {'Bookmaker': 'Bookmaker', 'Odds Price': 479}, {'Bookmaker': 'DraftKings', 'Odds Price': 475}, {'Bookmaker': 'MyBookie.ag', 'Odds Price': 495}]",559.0,"{'Odds': 780, 'Bookmaker': 'Betfair'}"
UFC Fight Night: Kattar vs. Ige,2020-07-15,"Abu Dhabi, Abu Dhabi, United Arab Emirates",Modestas Bukauskas,Modestas Bukauskas,Andreas Michailidis,Light heavyweight,KO/TKO,1,5:00,3,Daniel Movahedi,False,men,[],,,[],,
UFC Fight Night: Kattar vs. Ige,2020-07-15,"Abu Dhabi, Abu Dhabi, United Arab Emirates",Liana Jojua,Liana Jojua,Diana Belbita,Flyweight,Submission,1,2:43,3,Rich Mitchell,False,women,[],,,[],,
UFC 251: Usman vs. Masvidal,2020-07-11,"Abu Dhabi, Abu Dhabi, United Arab Emirates",Jiri Prochazka,Jiri Prochazka,Volkan Oezdemir,Light heavyweight,KO/TKO,2,0:49,3,Marc Goddard,False,men,[],,,[],,
UFC 251: Usman vs. Masvidal,2020-07-11,"Abu Dhabi, Abu Dhabi, United Arab Emirates",Leonardo Santos,Leonardo Santos,Roman Bogatov,Lightweight,Decision - Unanimous,3,5:00,3,Marc Goddard,False,men,[],,,[],,
UFC 251: Usman vs. Masvidal,2020-07-11,"Abu Dhabi, Abu Dhabi, United Arab Emirates",Marcin Tybura,Marcin Tybura,Maxim Grishin,Heavyweight,Decision - Unanimous,3,5:00,3,Herb Dean,False,men,[],,,[],,
UFC 251: Usman vs. Masvidal,2020-07-11,"Abu Dhabi, Abu Dhabi, United Arab Emirates",Raulian Paiva,Raulian Paiva,Zhalgas Zhumagulov,Flyweight,Decision - Unanimous,3,5:00,3,Leon Roberts,False,men,[],,,[],,
UFC 251: Usman vs. Masvidal,2020-07-11,"Abu Dhabi, Abu Dhabi, United Arab Emirates",Karol Rosa,Karol Rosa,Vanessa Melo,Bantamweight,Decision - Unanimous,3,5:00,3,Daniel Movahedi,False,women,[],,,[],,
UFC Fight Night: Poirier vs. Hooker,2020-06-27,"Las Vegas, Nevada, USA",Brendan Allen,Brendan Allen,Kyle Daukaus,Middleweight,Decision - Unanimous,3,5:00,3,Chris Tognoni,False,men,[],,,[],,
UFC Fight Night: Poirier vs. Hooker,2020-06-27,"Las Vegas, Nevada, USA",Takashi Sato,Takashi Sato,Jason Witt,Welterweight,KO/TKO,1,0:48,3,Chris Tognoni,False,men,[],,,[],,
UFC Fight Night: Poirier vs. Hooker,2020-06-27,"Las Vegas, Nevada, USA",Julian Erosa,Julian Erosa,Sean Woodson,Catchweight,Submission,3,2:44,3,Keith Peterson,False,men,[],,,[],,
UFC Fight Night: Poirier vs. Hooker,2020-06-27,"Las Vegas, Nevada, USA",Khama Worthy,Khama Worthy,Luis Pena,Lightweight,Submission,3,2:53,3,Mark Smith,False,men,[],,,[],,
UFC Fight Night: Poirier vs. Hooker,2020-06-27,"Las Vegas, Nevada, USA",Tanner Boser,Tanner Boser,Philipe Lins,Heavyweight,KO/TKO,1,2:41,3,Herb Dean,False,men,[],,,[],,
UFC Fight Night: Poirier vs. Hooker,2020-06-27,"Las Vegas, Nevada, USA",Kay Hansen,Kay Hansen,Jinh Yu Frey,Strawweight,Submission,3,2:26,3,Keith Peterson,False,women,[],,,[],,
UFC Fight Night: Poirier vs. Hooker,2020-06-27,"Las Vegas, Nevada, USA",Youssef Zalal,Youssef Zalal,Jordan Griffin,Featherweight,Decision - Unanimous,3,5:00,3,Herb Dean,False,men,[],,,[],,
UFC Fight Night: Blaydes vs. Volkov,2020-06-20,"Las Vegas, Nevada, USA",Tecia Pennington,Tecia Pennington,Brianna Fortino,Strawweight,Decision - Unanimous,3,5:00,3,Mark Smith,False,women,[],,,[],,
UFC Fight Night: Blaydes vs. Volkov,2020-06-20,"Las Vegas, Nevada, USA",Justin Jaynes,Justin Jaynes,Frank Camacho,Lightweight,KO/TKO,1,0:41,3,Herb Dean,False,men,[],,,[],,
UFC Fight Night: Blaydes vs. Volkov,2020-06-20,"Las Vegas, Nevada, USA",Austin Hubbard,Austin Hubbard,Max Rohskopf,Lightweight,TKO - Doctor's Stoppage,2,5:00,3,Mark Smith,False,men,[],,,[],,
UFC Fight Night: Eye vs. Calvillo,2020-06-13,"Las Vegas, Nevada, USA",Andre Fili,Andre Fili,Charles Jourdain,Featherweight,Decision - Split,3,5:00,3,Chris Tognoni,False,men,[],,,[],,
UFC Fight Night: Eye vs. Calvillo,2020-06-13,"Las Vegas, Nevada, USA",Mariya Agapova,Mariya Agapova,Hannah Cifers,Flyweight,Submission,1,2:42,3,Dan Miragliotta,False,women,[],,,[],,
UFC Fight Night: Eye vs. Calvillo,2020-06-13,"Las Vegas, Nevada, USA",Merab Dvalishvili,Merab Dvalishvili,Gustavo Lopez,Catchweight,Decision - Unanimous,3,5:00,3,Mark Smith,False,men,[],,,[],,
UFC Fight Night: Eye vs. Calvillo,2020-06-13,"Las Vegas, Nevada, USA",Tyson Nam,Tyson Nam,Zarrukh Adashev,Bantamweight,KO/TKO,1,0:32,3,Herb Dean,False,men,[],,,[],,
UFC Fight Night: Eye vs. Calvillo,2020-06-13,"Las Vegas, Nevada, USA",Christian Aguilera,Christian Aguilera,Anthony Ivy,Welterweight,KO/TKO,1,0:59,3,Dan Miragliotta,False,men,[],,,[],,
UFC 250: Nunes vs. Spencer,2020-06-06,"Las Vegas, Nevada, USA",Alex Caceres,Alex Caceres,Chase Hooper,Featherweight,Decision - Unanimous,3,5:00,3,Keith Peterson,False,men,[],,,[],,
UFC 250: Nunes vs. Spencer,2020-06-06,"Las Vegas, Nevada, USA",Maki Pitolo,Maki Pitolo,Charles Byrd,Middleweight,KO/TKO,2,1:10,3,Herb Dean,False,men,[],,,[],,
UFC 250: Nunes vs. Spencer,2020-06-06,"Las Vegas, Nevada, USA",Herbert Burns,Herbert Burns,Evan Dunham,Catchweight,Submission,1,1:20,3,Chris Tognoni,False,men,[],,,[],,
